{
  "train_samples": 100000,
  "val_samples": 10000,
  "num_classes": 200,
  "mean": [
    0.484623,
    0.450968,
    0.401014
  ],
  "std": [
    0.276714,
    0.268595,
    0.281672
  ]
}