{
  "arch": [
    4,
    0,
    0,
    6,
    6,
    4,
    5,
    0,
    3,
    5,
    6,
    4,
    5,
    5,
    3,
    5,
    1,
    3,
    6,
    1
  ],
  "acc": 0.016796875,
  "lat_ms": 8.351500000000001
}