{
  "n_train_classes": 200,
  "train_img_per_class_min": 500,
  "train_img_per_class_max": 500,
  "train_img_per_class_mean": 500.0,
  "train_total_images": 100000,
  "missing_box_files": 0,
  "val_classes_found": 200,
  "val_label_extra": 0,
  "val_label_missing": 0,
  "val_total_images": 10000,
  "val_img_per_class_min": 50,
  "val_img_per_class_max": 50,
  "val_img_per_class_mean": 50.0,
  "test_total_images": 10000,
  "corrupt_image_count_sampled": 0,
  "corrupt_sample_size": 2000,
  "rgb_mean": [
    0.4835889935493469,
    0.4504620134830475,
    0.400054007768631
  ],
  "rgb_std": [
    0.27578800916671753,
    0.2674590051174164,
    0.2805129885673523
  ],
  "expected_mean_ref": [
    0.48,
    0.448,
    0.398
  ],
  "expected_std_ref": [
    0.277,
    0.269,
    0.282
  ]
}